# Fri3d badge, 16 MB flash. otadata/nvs/ota_0/ota_1 offsets match the
# MicroPythonOS badge image so both firmwares can share flashing tools.
# Name,    Type, SubType,  Offset,   Size,     Flags
otadata,   data, ota,      0x9000,   0x2000,
nvs,       data, nvs,      0xb000,   0x5000,
ota_0,     app,  ota_0,    0x10000,  0x380000,
ota_1,     app,  ota_1,    0x390000, 0x380000,
# Kernel settings image: one 4 KB sector, rewritten on change.
settings,  data, undefined,     0x710000, 0x10000,
# Reserved for a file system (apps, assets). Not mounted yet.
vfs,       data, littlefs, 0x720000, 0x8e0000,
